prompt,seq,score
"Give the main topic of the news article and then choose from World, Sports, Tech and Business.","Hackers Exploit Microsoft's JPEG Flaw (AP) AP - In a harbinger of security threats to come, hackers have exploited a newly announced flaw in Microsoft Corp. programs and begun circulating malicious code hidden in images that use the popular JPEG format.The main topic of the news article is: Hackers exploiting a flaw in Microsoft's JPEG format.Category: Tech",1
"Give the main topic of the news article and then choose from World, Sports, Tech and Business.","Arsenal gets back to winning ways Arsenal won for the first time in five games Saturday, getting two goals from Thierry Henry to beat Birmingham 3-0 in the Premier League.The main topic of the news article is: Arsenal's win in the Premier LeagueCategory: Sports",1
"Give the main topic of the news article and then choose from World, Sports, Tech and Business.","Temporary Flight Caps Are Just That  quot;We #39;ve worked hard to balance the need to provide vibrant air service and grow the economy with the need to clear the skies over O #39;Hare, quot; said Mineta.  quot;The process worked, yielding substantial reductions that will produce results for the ...The main topic of the news article is: Temporary Flight Caps at O'Hare Airport.I choose: Business.",1
"Give the main topic of the news article and then choose from World, Sports, Tech and Business.",Inflation remains well contained: US Fed US Federal Reserve said Wednesday that rate hikes can continue at a  quot;measured pace quot; as  quot;inflation and longer-term inflation expectations remain well contained quot;.The main topic of the news article is: The US Federal Reserve's assessment of inflation and its decision on interest rate hikes.Category: Business,1
"Give the main topic of the news article and then choose from World, Sports, Tech and Business.",Nvidia To Power Next-Gen Sony Console Nvidia Corp. and Sony Computer Entertainment Inc. (SCEI) said Tuesday that the two companies are working together to deveop a graphics subsystem for Sony #39;s next-generation video-game console.The main topic of the news article is: Nvidia partnering with Sony to develop a graphics subsystem for their next-gen console.Category: Tech,1
"Give the main topic of the news article and then choose from World, Sports, Tech and Business.",Stocks Are Set to Open Lower NEW YORK - U.S. stocks are seen lower at the open Thursday as traders get a handle on Federal Reserve Chairman Alan Greenspan's testimony Wednesday...The main topic of the news article is: Stock market performance in response to Federal Reserve Chairman's testimony.Category: Business,0
"Give the main topic of the news article and then choose from World, Sports, Tech and Business.","Intel delays delivery of chip for projection TVs - report BEIJING (AFX-ASIA) - Intel Corp said it is delaying the delivery of its first chip for projection television sets, while rival Advanced Micro Devices Inc is moving on schedule to an advanced manufacturing process, the Wall Street Journal reported. The main topic of the news article is: Intel delaying delivery of chip for projection TVs.Category: Tech",1
"Give the main topic of the news article and then choose from World, Sports, Tech and Business.","Teams seeking end to Ryder hostilities BLOOMFIELD TOWNSHIP, Mich. - Hal Sutton has pretty much told the Europeans to  quot;get over it. quot;. The US Ryder Cup captain is tired of hearing about the ugly American celebration that took place five years ago The main topic of the news article is the Ryder Cup and the controversy surrounding the US team's celebration.I choose: Sports",1
"Give the main topic of the news article and then choose from World, Sports, Tech and Business.","Philly clinches NFC East title EAGLES 27, GIANTS 6: The Eagles, in the playoffs for the fifth consecutive year, are the third team since 1978 to win its division in Game 11.The main topic of the news article is: The Philadelphia Eagles winning their division title.And I choose: **Sports**.",1
"Give the main topic of the news article and then choose from World, Sports, Tech and Business.","Jeanne Lashes Dominican Republic; 9 Dead SAN PEDRO DE MACORIS, Dominican Republic - Tropical Storm Jeanne battered the Dominican Republic before heading to the Bahamas where the tempest, which has killed at least nine people, began to churn seas and stir deadly storm surges on Saturday.    Jeanne lost strength as it drove thousands of Dominicans from their homes by late Friday...The main topic of the news article is: Tropical Storm Jeanne causing damage and loss of life in the Dominican Republic.Category: World",1
"Give the main topic of the news article and then choose from World, Sports, Tech and Business.",U.S. Stocks Climb as Oil Prices Drop  NEW YORK (Reuters) - The biggest one-day drop in oil prices  since September 2001 helped send U.S. stock prices higher on  Wednesday.The main topic of the news article is: The impact of oil price drop on U.S. stock prices.Category: Business,1
"Give the main topic of the news article and then choose from World, Sports, Tech and Business.",France moves US plutonium south France sends plutonium from scrapped US nuclear warheads south under heavy guard to be reprocessed.The main topic of the news article is: France reprocessing US nuclear warheads plutonium.Category: World,1
"Give the main topic of the news article and then choose from World, Sports, Tech and Business.","Americans can advance to regional finals with victory Into the regional finals of qualifying for the 2006 World Cup, that is. The Americans lead their group with eight points off two wins and two ties.The main topic of the news article is the American team's progress in qualifying for the 2006 World Cup.I choose: Sports",0
"Give the main topic of the news article and then choose from World, Sports, Tech and Business.","Israelis, American Win Nobel for Chemistry (AP) AP - Two Israelis and an American won the Nobel Prize in chemistry Wednesday for showing how cells can give a """"kiss of death"""" to destroy unwanted proteins, a finding that could help scientists find new medicines for cancer and other diseases. The award marks the first time an Israeli has won a Nobel science prize.The main topic of the news article is: Nobel Prize in Chemistry awarded to Israelis and American for research on cellular protein destruction.Category: Science (but since it's not an option, I'll choose the closest one) -> None of the above options (World, Sports, Tech, Business) fit perfectly, but if I had to choose, I'd say: World (as it's a global news story about a prestigious international award)",0
"Give the main topic of the news article and then choose from World, Sports, Tech and Business.","Hamilton to  quot;hoot and holler quot; his Ryder Cup compatriots Instead of weighing in to Ryder Cup battle next week, British Open champion Todd Hamilton plans to play a few rounds of golf with his buddies.The main topic of the news article is Todd Hamilton's plans related to the Ryder Cup.This article falls under the category of: **Sports**",1
"Give the main topic of the news article and then choose from World, Sports, Tech and Business.","Va. Tech speeds up Mac OS X supercomputer by almost 20 OCTOBER 26, 2004 (MACCENTRAL) - Virginia Tech #39;s all-Mac OS X supercomputer at the university #39;s Terascale Computing Facility made headlines last year when it was determined to be the third-fastest supercomputer in the world.The main topic of the news article is: Virginia Tech's Mac OS X supercomputer speed increase.Category: Tech",1
"Give the main topic of the news article and then choose from World, Sports, Tech and Business.",A young monk opens a rare window of candor in Tibet He confirms Chinese are diluting traditional Buddhist culture and the monks' role.The main topic of the news article is: A young monk speaks out about the influence of Chinese culture on traditional Tibetan Buddhism.Category: World,1
"Give the main topic of the news article and then choose from World, Sports, Tech and Business.","A Classic Series Awaits At approximately 12:05 yesterday morning, history was made in perhaps the most remarkable way imaginable. Amid the shouts of euphoria from transplanted Bostonians in rainy Collegetown, one singular theme could The main topic of the news article appears to be a significant event or achievement related to the city of Boston, likely in the context of sports.I would categorize this article as: Sports.",1
"Give the main topic of the news article and then choose from World, Sports, Tech and Business.","Ljubicic advances MADRID, Oct. 22. - Ivan Ljubicic edged No. 7 seed Joachim Johansson in three tough sets on Friday to reach the semi-finals in the \$3 m Madrid Masters.The main topic of the news article is: Tennis player Ivan Ljubicic advances to semi-finals in Madrid Masters.Category: Sports",1
"Give the main topic of the news article and then choose from World, Sports, Tech and Business.","Sun refreshes development tools line Refreshing its development tools arsenal, Sun Microsystems on Tuesday revealed plans for upcoming versions of Java Studio Creator and is unleashing upgrades to the NetBeans open source platform and Java Studio Enterprise.The main topic of the news article is: Upgrades to Sun Microsystems' development toolsCategory: Tech",1
"Give the main topic of the news article and then choose from World, Sports, Tech and Business.","Scottish landslides trap up more than 50 people (AFP) AFP - More than 50 people were airlifted to safety after landslides caused by violent rain trapped cars on a road in Scotland, just days after flash floods devastated a tourist village in southwest England.The main topic of the news article is: Landslides and flooding in Scotland and England.I would categorize this article under: World.",1
"Give the main topic of the news article and then choose from World, Sports, Tech and Business.","Europe's Regulators Say It's OK If Oracle Acquires PeopleSoft (Investor's Business Daily) Investor's Business Daily - Oracle   Chief Executive Larry Ellison might well raise his offer of  #36;21 per share to buy business software rival PeopleSoft  , they say.The main topic of the news article is: Oracle's potential acquisition of PeopleSoft. Category: Business.",0
"Give the main topic of the news article and then choose from World, Sports, Tech and Business.","Mariners fire Melvin after two seasons NOTES He indicated to reporters Sunday that he still wanted to manage the Mariners, but Melvin might get another chance elsewhere. Bavasi said he called an undisclosed club to suggest Melvin be considered for a managerial vacancy.The main topic of the news article is: The Seattle Mariners firing their manager, Bob Melvin.Category: Sports",1
"Give the main topic of the news article and then choose from World, Sports, Tech and Business.",Marine Wives Rally A group of Marine wives are running for the family of a Marine Corps officer who was killed in Iraq.The main topic of the news article is a charity run organized by Marine wives in support of a fallen officer's family.I would categorize this article under: World,0
"Give the main topic of the news article and then choose from World, Sports, Tech and Business.","Bentley hoping to avoid getting tripped up by Post A year ago, the Bentley Falcons ended C.W. Post's two-year reign as Northeast-10 Conference football champions. Now the Pioneers have a chance to return the favor. Sitting atop the conference standings, C.W. Post (4-1, 4-0) hosts Bentley tomorrow and can inflict serious damage on any hopes the Falcons have of repeating.The main topic of the news article is: an upcoming college football game between Bentley and C.W. Post.Category: Sports",1
"Give the main topic of the news article and then choose from World, Sports, Tech and Business.","Satellite TV Spreads Its Signals Across the Landscape In the last 10 years, pizza-sized dishes have sprouted on homes all over the country. But how does satellite TV actually work?The main topic of the news article is: How satellite TV worksCategory: Tech",1
"Give the main topic of the news article and then choose from World, Sports, Tech and Business.","Weathermen to get Visualization Supercomputer Maverick combines highly sophisticated visualization technology with a high-bandwidth next generation network to tackle some of the nation #39;s most pressing concerns, including Emergency Response Management and Flood Modeling (specifically for the state of The main topic of the news article is: Introduction of a new supercomputer for weather forecasting and emergency response management.I choose: **Tech**",1
"Give the main topic of the news article and then choose from World, Sports, Tech and Business.","Cellphone That Detects Bad Breath Siemens Mobile, the German telecommunications company, has announced that it is working on a mobile phone that makes users aware when they have bad breath.The main topic of the news article is a new mobile phone feature that detects bad breath.I would categorize this article under: Tech",1
"Give the main topic of the news article and then choose from World, Sports, Tech and Business.","Dolby, Intel sound off for developers Companies plan tools for improving high-end audio for PCs with Intel inside.The main topic of the news article is: Dolby and Intel's collaboration to improve audio for PCs.Category: Tech",1
"Give the main topic of the news article and then choose from World, Sports, Tech and Business.","Christian Conservatives Press Issues in Statehouses Energized by electoral wins, conservative Christians are pushing ahead state and local initiatives on controversial issues.The main topic of the news article is: Conservative Christians pushing state and local initiatives on controversial issues.Category: World",1
"Give the main topic of the news article and then choose from World, Sports, Tech and Business.","Yukos to stop oil exports to China Russian oil giant Yukos has decided to halt two-thirds of its oil exports to China, raising the stakes in its yearlong legal battle with the authorities.The main topic of the news article is: Yukos stopping oil exports to China due to a legal battle.I would categorize this article as: Business.",1
"Give the main topic of the news article and then choose from World, Sports, Tech and Business.","Big Lots Revises Quarterly, Year Views Big Lots Inc., the largest closeout retailer in the United States, said Wednesday that total sales for the five weeks ended Oct. 2 rose 2.9 percent to \$357.The main topic of the news article is: Big Lots' sales and revenue update.Category: Business.",1
"Give the main topic of the news article and then choose from World, Sports, Tech and Business.",Icelanders after French salmon (TheDeal.com) TheDeal.com - SIF hf. plans to buy Labeyrie Group for an enterprise value of  #36;425 million.The main topic of the news article is: Acquisition of Labeyrie Group by SIF hf.Category: Business,0
"Give the main topic of the news article and then choose from World, Sports, Tech and Business.","Japan presses Pyongyang on six-party nuclear talks Japan urged North Korea on yesterday to return to six-way talks on the North #39;s nuclear weapons program in a third day of meetings focusing on the fate of missing Japanese citizens kidnapped by Northern spies, Japanese officials said.The main topic of the news article is: Japan and North Korea's nuclear talks and missing Japanese citizens. Category: World",1
"Give the main topic of the news article and then choose from World, Sports, Tech and Business.",Novell launches desktop Linux for enterprises Novell Inc. will begin shipping on Tuesday a desktop version of its open source Linux operating system aimed squarely at enterprise users.The main topic of the news article is: Novell's new desktop Linux operating system for enterprises.Category: Tech,1
"Give the main topic of the news article and then choose from World, Sports, Tech and Business.","Alcoa, BHP to sell Integris Metals SAN FRANCISCO (CBS.MW) -- Alcoa Inc. and Australia #39;s BHP Billiton have agreed to sell Integris Metals to Ryerson Tull for \$410 million in cash, plus assumption of \$250 million in debt, the companies said late Tuesday.The main topic of the news article is: Alcoa and BHP selling Integris Metals to Ryerson Tull.Category: Business",1
"Give the main topic of the news article and then choose from World, Sports, Tech and Business.",Google Stock Offering Remains on Track (AP) AP - Google Inc.'s stock market debut appeared to be on track for later this week after the Internet search company asked regulators to give final approval of the paperwork required for the sale.The main topic of the news article is: Google's initial public offering (IPO) and its progress.Category: Business,0
"Give the main topic of the news article and then choose from World, Sports, Tech and Business.","YUKOS Surrenders to the Allies Yesterday morning YUKOS filed an application in a bankruptcy court in Houston, Texas for restructuring according to American laws.The main topic of the news article is: Bankruptcy filing of YUKOS oil companyCategory: Business",1
"Give the main topic of the news article and then choose from World, Sports, Tech and Business.","Ogden's Knee Improves; His Status Is Uncertain The Ravens are waiting to see how the knee of tackle Jonathan Ogden improves, and continue to hope that he will play in the season opener.The main topic of the news article is: Jonathan Ogden's injury status Category: Sports",1
"Give the main topic of the news article and then choose from World, Sports, Tech and Business.","Networks in a Duel of Technology Some television networks are racing to develop eye-catching score boxes. Fox, for example, now has fire coming out of its baseball scores.The main topic of the news article is: Television networks competing to develop advanced score boxes.Category: Sports",0
"Give the main topic of the news article and then choose from World, Sports, Tech and Business.",Germany #39;s Volkswagen workers stage warning strikes Workers at Germany #39;s automobile giant Volkswagen (VW) have staged warning strikes in the on-going wage dispute with the management.The main topic of the news article is: Volkswagen workers' strike in Germany due to a wage dispute.Category: Business,1
"Give the main topic of the news article and then choose from World, Sports, Tech and Business.",Calhoun not fond of loss But Calhoun likes his players and his university and the fact that the Huskies are the defending national champions a lot more. Calhoun was livid with himself and the collective The main topic of the news article is: Reaction of Coach Calhoun to a lossCategory: Sports,1
"Give the main topic of the news article and then choose from World, Sports, Tech and Business.",Keeping Better Track From Factory to Checkout Using radio scanners to wirelessly identify consumer products is simple in concept but dauntingly complex in reality.The main topic of the news article is the use of radio scanners to track consumer products.I would categorize this article as: **Tech**,1
"Give the main topic of the news article and then choose from World, Sports, Tech and Business.","Sun #39;s OpenSolaris Plans Start to Emerge Sun Microsystems on Friday will unveil more of its plans for OpenSolaris, the open-source project for the Solaris operating system.The main topic of the news article is: Sun Microsystems' plans for OpenSolaris, an open-source project for the Solaris operating system.Category: Tech",1
"Give the main topic of the news article and then choose from World, Sports, Tech and Business.","FERC faulted for failing to order refunds for California power &lt;b&gt;...&lt;/b&gt; The Federal Energy Regulatory Commission, which has refused to approve California #39;s demand for \$2.8 billion in refunds from power companies found to have gouged the state during the 2000-2001 energy crisis, has been ordered to rethink its position and The main topic of the news article is: Federal Energy Regulatory Commission's decision on California's demand for refunds from power companies.Category: Business",1
"Give the main topic of the news article and then choose from World, Sports, Tech and Business.",General Mills to Make All Cereals Whole Grain By JOSHUA FREED     MINNEAPOLIS (AP) -- The Trix Rabbit and that Lucky Charms leprechaun are going on a whole-grain diet. General Mills announced Thursday that it will convert all of its breakfast cereals to whole grain...The main topic of the news article is: General Mills' decision to make all its cereals whole grain.Category: Business,0
"Give the main topic of the news article and then choose from World, Sports, Tech and Business.","China: commercial flights in 20 years BEIJING: China can expect to see the first commercial space flights in 20 years, the head of the country #39;s space program was quoted as saying by state media.The main topic of the news article is: China's prediction of commercial space flights in 20 years.Category: Tech",1
"Give the main topic of the news article and then choose from World, Sports, Tech and Business.","Mystery behind the origin of cosmic rays unraveled: World News: Washington, Nov 4 : An international team of astronomers has suceeded solving the 100 yearl old mystery about the origin of the cosmic rays by producing the first ever image of an astronomical object using high energy gamma rays.The main topic of the news article is: The origin of cosmic rays being solved by astronomers. Category: World",0
"Give the main topic of the news article and then choose from World, Sports, Tech and Business.","Once a Palace, Now Saddam Hussein's Prison Saddam Hussein lives in an air-conditioned 10-by-13 foot cell on the grounds of one of his former palaces, tending plants and proclaiming himself Iraq's lawful ruler.The main topic of the news article is: Saddam Hussein's imprisonment and living conditions.Category: World",1
"Give the main topic of the news article and then choose from World, Sports, Tech and Business.",Uh oh! Franco-American is no more Here's one for nostalgia buffs: the Franco-American brand -- best known for SpaghettiOs -- is no more.The main topic of the news article is the discontinuation of the Franco-American brand.I would categorize this article as: Business,1
"Give the main topic of the news article and then choose from World, Sports, Tech and Business.",Ryanair may face Belgian courts Budget airline Ryanair is obliged to be taken to court under EU law if it fails to pay back illegal state aid for flying to Belgium's Charleroi airport.The main topic of the news article is: Ryanair facing court over unpaid state aidCategory: Business,1
"Give the main topic of the news article and then choose from World, Sports, Tech and Business.","Conferees Ban Lease of Boeing Tankers  WASHINGTON (Reuters) - House and Senate conferees agreed  late on Thursday to ban the leasing of aerial refueling  aircraft as part of a final deal on a \$422 billion defense  authorization bill, killing a proposed \$23.5 billion Air Force  deal with Boeing Co. &lt;A HREF=""""http://www.investor.reuters.com/FullQuote.aspx?ticker=BA.N target=/stocks/quickinfo/fullquote""""&gt;BA.N&lt;/A&gt;, congressional sources said.The main topic of the news article is: A ban on the leasing of aerial refueling aircraft, specifically a proposed deal between the Air Force and Boeing Co.Category: Business",1
"Give the main topic of the news article and then choose from World, Sports, Tech and Business.","Najaf clashes as truce talks fail Fighting resumes in the Iraqi city of Najaf between US troops and Shia militias after an abortive peace bid.The main topic of the news article is: Violence and conflict in Najaf, IraqCategory: World",1
"Give the main topic of the news article and then choose from World, Sports, Tech and Business.","Big surprise by Indian board Calcutta, India - The Indian cricket board made a surprise move on Thursday by granting television production and distribution rights for the upcoming Test series against Australia, even as the Supreme Court was hearing a petition by another network The main topic of the news article is: Indian cricket board grants TV rights for Test series against Australia.Category: Sports",1
"Give the main topic of the news article and then choose from World, Sports, Tech and Business.","Mets to revamp front office again NEW YORK - The New York Mets are revamping their front office for the second straight offseason, hiring Omar Minaya from the Montreal Expos to become the head of baseball operations.The main topic of the news article is: The New York Mets hiring a new head of baseball operations.Category: Sports",1
"Give the main topic of the news article and then choose from World, Sports, Tech and Business.","Andre gone with the wind He was finally out of the wicked wind tunnel known as Arthur Ashe Stadium, out of the gale that combined with Roger Federer to blow him from the quarterfinals of the US Open.The main topic of the news article is: US Open tennis tournament, specifically a match between Andre and Roger Federer.Category: Sports",1
"Give the main topic of the news article and then choose from World, Sports, Tech and Business.","Honor System Used for Flu Shots at U.S. Chain Stores By GRETCHEN PARKER     BALTIMORE (AP) -- At the Walgreens flu shot clinic, the honor system is in place.    If you tell nurses there you have a chronic heart problem, you can get a shot...The main topic of the news article is: Flu shots being administered at chain stores using an honor system for health information.Category: Business",0
"Give the main topic of the news article and then choose from World, Sports, Tech and Business.","Immelt: Joy At GE As Q3 Earnings Jump 11 The news is often sobering these days. But they #39;re smiling at General Electric (nyse: GE - news - people ), where the company posted third-quarter earnings that are up 11, with revenue rising 15.The main topic of the news article is: General Electric's Q3 earnings report.Category: Business",1
"Give the main topic of the news article and then choose from World, Sports, Tech and Business.","Syria and Lebanon reject UN  #39;interference #39; Syria and Lebanon have rejected outright a renewed United Nations Security Council call for Damascus to pull its troops out of its tiny neighbour, calling the international body #39;s decision  quot;interference quot;.The main topic of the news article is: Rejection of UN's call for Syria to withdraw troops from Lebanon.Category: World",1
"Give the main topic of the news article and then choose from World, Sports, Tech and Business.",UN war crime tribunal calls first witness in Milosevic defense &lt;b&gt;...&lt;/b&gt; The International Criminal Tribunal for Former Yugoslavia (ICTY) Tuesday called the first witness in the defense case of former Yugoslav President Slobodan Milosevic The main topic of the news article is: The trial of Slobodan Milosevic at the UN war crime tribunal.Category: World,1
"Give the main topic of the news article and then choose from World, Sports, Tech and Business.","MechAssault 2 jacks gold Mech shooter off stomps off to production, and is on schedule for its uncommon December 28 release. Microsoft today announced that MechAssault 2: Lone Wolf has achieved gold status and will be ready to hit Xboxes and light up Xbox Live December 28.The main topic of the news article is: MechAssault 2 achieving gold status and its upcoming release.Category: Tech",1
"Give the main topic of the news article and then choose from World, Sports, Tech and Business.",Minister offers apology for touchy remark Minister of Foreign Affairs Mark Chen () yesterday apologized for the words used to condemn a comment by his Singaporean counterpart who warned against Taiwan independence at a United Nations meeting last week.The main topic of the news article is: Apology from Taiwan's Minister of Foreign Affairs for comments made regarding Singapore's stance on Taiwan independence.Category: World,1
"Give the main topic of the news article and then choose from World, Sports, Tech and Business.","NASA Develops Robust Artificial Intelligence for Planetary Rovers NASA is planning to add a strong dose of artificial intelligence (AI) to planetary rovers to make them much more self-reliant, capable of making basic decisions during a mission. Scientists are developing very complex AI software that enables a higher level of robotic intelligence.The main topic of the news article is: NASA developing artificial intelligence for planetary rovers.Category: Tech",1
"Give the main topic of the news article and then choose from World, Sports, Tech and Business.","Stem Cell Companies Fall Amid Biotech Rise While most biotechnology stocks rose Wednesday, shares of major stem cell researchers fell sharply as George W. Bush #39;s victory in the presidential election was confirmed.The main topic of the news article is: The impact of the presidential election on stem cell company stocks.Category: Business",1
"Give the main topic of the news article and then choose from World, Sports, Tech and Business.",Americans playing it cool in the pool ATHENS  Michael Phelps might receive his last gold medal of the Athens Olympics in a way no one would envision. The main topic of the news article is: The Athens Olympics and Michael Phelps' potential last gold medal.Category: Sports,1
"Give the main topic of the news article and then choose from World, Sports, Tech and Business.","Mac users face rare virus The malware disables Mac OS X's built-in firewall, steals personal information and can destroy data.The main topic of the news article is: Malware targeting Mac computers.I would categorize this article as: Tech.",1
"Give the main topic of the news article and then choose from World, Sports, Tech and Business.",Bombs in Buenos Aires Kill One Bombs detonated at three banks in downtown Buenos Aires Wednesday resulting in the death of one security guard and in leaving another person injured.The main topic of the news article is: Bombings at banks in Buenos Aires result in casualties.Category: World,1
"Give the main topic of the news article and then choose from World, Sports, Tech and Business.","Indonesia orders security clampdown after terror warnings JAKARTA, Indonesia Indonesia has ordered a nationwide security crackdown after warnings from Australia, Britain and New Zealand that terrorists plan to attack ahead of Christmas.The main topic of the news article is: Terror threat and security clampdown in Indonesia ahead of Christmas.Category: World",1
"Give the main topic of the news article and then choose from World, Sports, Tech and Business.",San Diego Chargers Acquires Wide Out McCardell  SAN DIEGO (Sports Network) - The San Diego Chargers have  acquired wide receiver Keenan McCardell from Tampa Bay in  exchange for two picks in next year's draft. The deal was made  roughly an hour before the NFL's trading deadline on Tuesday.The main topic of the news article is: San Diego Chargers acquire new playerCategory: Sports,1
"Give the main topic of the news article and then choose from World, Sports, Tech and Business.",England and India aim to buck trends (AFP) AFP - England cannot win a one-day international batting first while India coach John Wright reckons his team are having trouble chasing totals.The main topic of the news article is: Cricket teams' performance in one-day internationals.Category: Sports,0
"Give the main topic of the news article and then choose from World, Sports, Tech and Business.","Hurricane Ivan Threatens Barbados, East Caribbean  MIAMI (Reuters) - Powerful Hurricane Ivan, the latest in a  busy storm season, rushed over the Atlantic Ocean on Monday and  threatened the eastern Caribbean Windward Islands.The main topic of the news article is: Hurricane Ivan threatening the eastern Caribbean.Category: World",1
"Give the main topic of the news article and then choose from World, Sports, Tech and Business.","Henson plays for Cowboys, now will he start? Now Henson is waiting like everyone else to find out if he #39;ll soon be the starting quarterback. Coach Bill Parcells today said starter Vinny Testaverde is questionable because of a sore shoulder and back.The main topic of the news article is: Henson's potential start as quarterback for the Cowboys.I choose: Sports",1
"Give the main topic of the news article and then choose from World, Sports, Tech and Business.","Schwab ex-CEO to get almost \$10M SAN FRANCISCO (CBS.MW) -- Charles Schwab Corp. is paying David Pottruck, ousted as chief executive officer in July, a lump-sum payment of \$6.The main topic of the news article is: ""Charles Schwab Corp. paying former CEO David Pottruck a lump-sum payment""Category: Business",1
"Give the main topic of the news article and then choose from World, Sports, Tech and Business.",Software piracy whistle-blowers get bigger rewards The BSA trade group ups its reward for information on U.K. companies that are using illegal software.The main topic of the news article is: Software piracy whistle-blower rewards increased.Category: Tech,1
"Give the main topic of the news article and then choose from World, Sports, Tech and Business.","Top-Seed Spadea Advances at Millennium (AP) AP - Top-seeded Vincent Spadea beat qualifier Hugo Armando 6-3, 1-6, 6-4 Friday night to reach the semifinals of the Millennium International Tennis Championships.The main topic of the news article is: Vincent Spadea advancing in the Millennium International Tennis Championships.Category: Sports",1
"Give the main topic of the news article and then choose from World, Sports, Tech and Business.",Sri Lanka spinners throttle South Africa Sri Lanka spinners Rangana Herath and Tillakaratne Dilshan shared six wickets to help bowl South Africa out for 191 in the third one-day international on Sunday.The main topic of the news article is: Sri Lanka beats South Africa in a cricket match.I choose: Sports,1
"Give the main topic of the news article and then choose from World, Sports, Tech and Business.","Gibbs to Look at Offense Coach Joe Gibbs says he thoroughly evaluate the Redskins, particularly an offense that finished among the league's worst, now that the season is over for Washington.The main topic of the news article is: Evaluation of the Washington Redskins' offense after the end of the season.Category: Sports",1
"Give the main topic of the news article and then choose from World, Sports, Tech and Business.","Veerappan shot dead Coimbatore: The country #39;s most wanted forest brigand Veerappan, charged with abduction and murder of politicians and film stars, was on Monday night killed in a gunbattle with Tamil Nadu police in a thick forest about 150 km from here, ending three The main topic of the news article is: Death of notorious forest brigand VeerappanCategory: World",1
"Give the main topic of the news article and then choose from World, Sports, Tech and Business.","Unlikely Visionary Behind Private Race to Space SpaceShipOne visionary Peter Diamandis wasn't thinking about history as he stood in the Mojave desert and watched a small, shuttlecock-shaped craft glide back to Earth having nudged the edge of space. He just thought it looked beautiful.The main topic of the news article is: SpaceShipOne and its visionary Peter Diamandis.I would categorize this article as: Tech.",1
"Give the main topic of the news article and then choose from World, Sports, Tech and Business.",First Look: MusicMatch Jukebox's Impressive Version 10 Free software helps organize large music collections.The main topic of the news article is: MusicMatch Jukebox Version 10Category: Tech,1
"Give the main topic of the news article and then choose from World, Sports, Tech and Business.","Hewitt in form ahead of US Open LONG ISLAND, New York -- Lleyton Hewitt continued his US Open preparations with a 6-1 6-4 win over Michael Llodra en route to the quarterfinals of the ATP Long Island Cup.The main topic of the news article is: Lleyton Hewitt's win in the ATP Long Island Cup.Category: Sports",1
"Give the main topic of the news article and then choose from World, Sports, Tech and Business.",ING Reveals Improper Trading Case Details  NEW YORK (Reuters) - A U.S. unit of Dutch financial  services group ING Groep NV said on Wednesday a review of  improper trading in its mutual funds showed only isolated  incidents of impropriety.The main topic of the news article is: Improper trading case details revealed by INGCategory: Business,1
"Give the main topic of the news article and then choose from World, Sports, Tech and Business.",FTC Goes After Spyware Operations (NewsFactor) NewsFactor - The Federal Trade Committee has filed a complaint in federal court asking that two Internet advertising and software firms be shut down. The FTC made the filing last Thursday and will hold a press conference on the matter tomorrow.The main topic of the news article is: The Federal Trade Committee's action against spyware operations.Category: Tech,1
"Give the main topic of the news article and then choose from World, Sports, Tech and Business.","Discus Champion Thrown Out of Games Hungarian Olympic discus champion Robert Fazekas will lose his gold medal and be expelled from the Games after breaking doping rules, the International Olympic Committee (IOC) said Tuesday.The main topic of the news article is: Doping scandal involving Hungarian Olympic discus champion Robert Fazekas.Category: Sports",1
"Give the main topic of the news article and then choose from World, Sports, Tech and Business.",Microsoft rules out PeopleSoft bid This fourth priority #39;s main focus has been improving or obtaining CRM and ERP software for the past year and a half. Microsoft CEO Steve Ballmer has ruled out acting as the white knight for business software The main topic of the news article is: Microsoft's decision not to bid on PeopleSoft.Category: Business.,1
"Give the main topic of the news article and then choose from World, Sports, Tech and Business.","N. Korea Economic Sanctions 'One Option' -- Japan (Reuters) Reuters - Japanese Foreign Minister Nobutaka\Machimura said on Thursday economic sanctions against North\Korea were """"one option,"""" but added that care was needed in\deciding whether Tokyo should take such a step immediately.The main topic of the news article is: North Korea economic sanctions considered by Japan.Category: World",1
"Give the main topic of the news article and then choose from World, Sports, Tech and Business.","Chechnya goes to polls; man blows himself up in Grozny Moscow, Aug. 29 (PTI): An unidentified man blew himself up today outside a polling station in Grozny during presidential elections in war-torn Caucasian province of Chechnya.The main topic of the news article is: Explosion at a polling station during presidential elections in Chechnya.Category: World",1
"Give the main topic of the news article and then choose from World, Sports, Tech and Business.",Explosion marks first day of Iraq campaigns Violence marred Iraq #39;s first official day of parliamentary election campaigning Wednesday as interim Iraqi Prime Minister Ayad Allawi announced his candidacy for the Jan. 30 The main topic of the news article is the outbreak of violence on the first day of parliamentary election campaigning in Iraq.I choose: **World**,1
"Give the main topic of the news article and then choose from World, Sports, Tech and Business.","Microsoft delays SP2 auto update Slowdown will give big companies more time to hunt down compatibility problems, the company says.The main topic of the news article is: Microsoft delaying the automatic update of Service Pack 2 (SP2) due to compatibility concerns. Category: Tech",1
"Give the main topic of the news article and then choose from World, Sports, Tech and Business.","Kerry Asks FEC for Recount Advice (AP) AP - Election Day is several weeks away, but Democratic presidential candidate John Kerry's campaign is already considering its fund-raising options should Kerry or President Bush pursue a recount like the famous Florida ballot dispute in 2000.The main topic of the news article is: Election Recount PreparationsCategory: Business (as it relates to campaign fundraising)",0
"Give the main topic of the news article and then choose from World, Sports, Tech and Business.","U.S. Upholds Tariffs on Shrimp Imports (AP) AP - The Bush administration on Tuesday upheld the imposition of penalty tariffs on shrimp imports from China and Vietnam, handing a victory to beleaguered U.S. shrimp producers.The main topic of the news article is: Tariffs on Shrimp ImportsCategory: Business",0
"Give the main topic of the news article and then choose from World, Sports, Tech and Business.","Rebels Set Off Land mine in Indian Kashmir, 11 Dead  SRINAGAR, India (Reuters) - Separatist militants detonated  a powerful land mine in Indian Kashmir killing eleven people,  including nine soldiers in one of the biggest attacks in recent  weeks, police said on Sunday.The main topic of the news article is a deadly land mine attack in Indian Kashmir.Category: World",1
"Give the main topic of the news article and then choose from World, Sports, Tech and Business.","Promoting free trade promotes security for Canada and U.S., ambassador says. (Canadian Press) Canadian Press - VANCOUVER (CP) - The promotion of free trade around the world will help fight terrorism and is in the security interests of the U.S. and Canada, the U.S. ambassador to Canada said Friday.The main topic of the news article is: The promotion of free trade as a means to enhance security for Canada and the U.S.Category: Business",0
"Give the main topic of the news article and then choose from World, Sports, Tech and Business.","Peres calls for early general election The leader of the opposition Labour party in Israel, Shimon Peres, has called for an early general election. The main topic of the news article is: Israeli politics and election Category: World",1
"Give the main topic of the news article and then choose from World, Sports, Tech and Business.","Martha Stewart Appeals Conviction Lawyers for Martha Stewart told a federal appeals court that she suffered a """"fundamentally unfair"""" trial at the hands of prosecutors who incorrectly suggested she was accused of insider trading.The main topic of the news article is: Martha Stewart's appeal of her conviction.Category: Business",1
"Give the main topic of the news article and then choose from World, Sports, Tech and Business.",Bulldogs Get Punished The NCAA places Mississippi State on probation for four years because of recruiting violations and bans them from postseason play this year.The main topic of the news article is: NCAA punishment of Mississippi State football teamI choose: Sports,1
"Give the main topic of the news article and then choose from World, Sports, Tech and Business.","With One Life to Live, the Red Sox Want It Now The Red Sox will either complete an amazing comeback tonight as the first team to rebound from a 3-0 deficit in postseason history, or the Yankees will stop them.The main topic of the news article is: The Red Sox attempting to complete a comeback against the Yankees in the postseason.Category: Sports",1
"Give the main topic of the news article and then choose from World, Sports, Tech and Business.","Anglers Have Big Impact on Fish Numbers -- Study (Reuters) Reuters - Recreational anglers may be\responsible for landing nearly 25 percent of over-fished salt\water species caught off U.S. coasts, a study released on\Thursday suggests.The main topic of the news article is: Impact of Recreational Anglers on Fish NumbersCategory: World",0
"Give the main topic of the news article and then choose from World, Sports, Tech and Business.","Jury lines up for Kobe Bryant rape trial More than a year after allegations of rape levelled at basketball star Kobe Bryant shocked the world of sport and set in motion a circus of claim and counterclaim, the first wave of jury selection began yesterday.The main topic of the news article is: The start of jury selection for Kobe Bryant's rape trial.Category: Sports",1
"Give the main topic of the news article and then choose from World, Sports, Tech and Business.","IMF Sees Robust U.S. Growth (Reuters) Reuters - Robust U.S. economic growth will\likely continue into 2005, but authorities should cut the\budget deficit to reduce the risk to growth, International\Monetary Fund Managing Director Rodrigo Rato said.The main topic of the news article is: Economic growth forecast for the US. Category: Business.",1
"Give the main topic of the news article and then choose from World, Sports, Tech and Business.","IBM updates WebSphere Application Server software OCTOBER 06, 2004 (COMPUTERWORLD) - IBM today unveiled a new version of its WebSphere Application Server software, which is designed to protect applications from server downtime and boost enterprise efforts to build a service-oriented architecture (SOA).The main topic of the news article is: IBM's update to its WebSphere Application Server software.Category: Tech",1
"Give the main topic of the news article and then choose from World, Sports, Tech and Business.","Baghdad violence kills at least 25 people and stoking fears that sectarian divisions over when to hold elections could unleash further bloodshed. In a second dawn attack in the capital on Friday, guerrillas killed at The main topic of the news article is: Violence and sectarian divisions in Baghdad.I choose: **World**.",1
"Give the main topic of the news article and then choose from World, Sports, Tech and Business.","University entry overhaul backed Students should be able to make their university applications after their A-level results, says an official report.The main topic of the news article is: University admissions processI would categorize this article under: World (specifically education news) (Note: While it could be argued that this is more of a local/national news story, depending on the country, I've chosen ""World"" as it's not specifically related to Sports, Tech, or Business)",1
"Give the main topic of the news article and then choose from World, Sports, Tech and Business.","Saudi Violence Pushes Oil Prices Higher Oil prices were forced higher today by an outbreak of violence in Saudi Arabia and concerns that Opec may cut output. The cost of a barrel of light, sweet crude oil climbed The main topic of the news article is: Oil prices increasing due to violence in Saudi Arabia and potential Opec output cuts.Category: Business",1
"Give the main topic of the news article and then choose from World, Sports, Tech and Business.",Defiant Sharon sets out Gaza plan Israeli PM Ariel Sharon pushes ahead with an accelerated plan to withdraw from the Gaza Strip despite opposition.The main topic of the news article is: Israeli withdrawal from Gaza StripCategory: World,1
"Give the main topic of the news article and then choose from World, Sports, Tech and Business.","Yahoo Jazzes Up Mobile Search Yahoo Jazzes Up Mobile Search\\Google SMS started serving search results to mobile users in the US just a few days back. Now Yahoo! follows it with even more comprehensive feature set. Google SMS is currently text based for the results; Yahoo! jazzes them up with maps, website icons, as well ...The main topic of the news article is: Yahoo's new mobile search featuresCategory: Tech",1
"Give the main topic of the news article and then choose from World, Sports, Tech and Business.","Bekele Succeeds Mentor Gebrselassie  ATHENS (Reuters) - Ethiopian Kenenisa Bekele succeeded his  mentor Haile Gebrselassie as the Olympic 10,000 meters champion  Friday after an astonishing final lap in the longest track  event.The main topic of the news article is: Kenenisa Bekele winning the Olympic 10,000 meters championship.Category: Sports",1
"Give the main topic of the news article and then choose from World, Sports, Tech and Business.",SI.com ATLANTA (Ticker) -- The Atlanta Braves will have to wait at least one more day to celebrate. Gabe White worked out of a bases-loaded jam in the bottom of the ninth inning to record his first save in more than The main topic of the news article is: A close baseball game where the Atlanta Braves were prevented from winning due to a pitcher's performance.Category: Sports,1
"Give the main topic of the news article and then choose from World, Sports, Tech and Business.",Haywood Looks to End Wizards center Brendan Haywood worked hard in the offseason to improve enough to play in the fourth quarter of close games this season.The main topic of the news article is: Brendan Haywood's efforts to improve his performance in close games.Category: Sports,1
"Give the main topic of the news article and then choose from World, Sports, Tech and Business.",Germany unveils debt cut measures The German government has unveiled a series of measures aimed at bringing the country #39;s public deficit back below the eurozone #39;s 3 of GDP limit in 2005.The main topic of the news article is: Germany's plan to reduce its public deficit.Category: Business,1
"Give the main topic of the news article and then choose from World, Sports, Tech and Business.",easyMusic picks Wippit for pre-Xmas launch easyJet founder turns to 'easyJet for iPod generation' serviceThe main topic of the news article is: easyMusic's partnership with Wippit for a music download service.Category: Business,0
"Give the main topic of the news article and then choose from World, Sports, Tech and Business.","Two US soldiers killed in Afghan battle KABUL, Afghanistan - Two US soldiers were killed in a firefight with insurgents Monday, while an Afghan vice president escaped a bomb attack on his convoy in the latest assassination attempt on a political leader ahead of key elections.The main topic of the news article is: Attack on US soldiers and Afghan vice president in Afghanistan.Category: World",1
"Give the main topic of the news article and then choose from World, Sports, Tech and Business.",Daiei shares soar as Wal-Mart confirms interest in ailing retailer TOKYO : Shares in ailing Japanese retailer Daiei Inc. jumped 16 percent after US giant Wal-Mart Stores Inc. confirmed it was interested in aiding the firm #39;s revival. The main topic of the news article is: Wal-Mart's interest in aiding the revival of Japanese retailer Daiei Inc.Category: Business,1
"Give the main topic of the news article and then choose from World, Sports, Tech and Business.","Cuba, Russia Agree to Condemn Terrorism (AP) AP - The top diplomats for Russia and Cuba condemned all forms of terrorism Tuesday and renewed Russia's call last week to expand the war against the global scourge.The main topic of the news article is: International Diplomacy and Counter-Terrorism EffortsCategory: World",1
"Give the main topic of the news article and then choose from World, Sports, Tech and Business.","HP unveils low-cost corporate copier With streamlined multifunction device, tech giant aims to gain ground in business copier market.\The main topic of the news article is: HP's new low-cost corporate copierCategory: Business",0
"Give the main topic of the news article and then choose from World, Sports, Tech and Business.","Kerry's Disgusting Ad \\A few days ago Kerry sent around this ad:\\""""Yesterday, the Bush-Cheney campaign, losing any last sense of decency, placed\a disgusting ad called """"The Faces of John Kerry's Democratic Party"""" as the\main feature on its website. Bizarrely, and without explanation, the ad places\Adolf Hitler among those faces.""""\\""""The Bush-Cheney campaign must pull this ad off of its website. The use of\Adolf Hitler by any campaign, politician or party is simply wrong.""""\\Which of course is a mistake.  I went and downloaded the video (which is just\stupid btw.  Not a masterpiece by any means.) and there are shots of Hitler in\there, but only from the MoveOn contest from a few months back.\\Here's the problem.  The ...\\The main topic of the news article is a controversy over a political ad by the Bush-Cheney campaign that features Adolf Hitler.I would categorize this article as: **Business** (more specifically, Politics, but since that's not an option, Business is the closest match, as it can encompass political campaigns and advertising).",0
"Give the main topic of the news article and then choose from World, Sports, Tech and Business.","#39;Jackal aide #39; in case 2 acquittal BERLIN, Germany -- A German court has acquitted Johannes Weinrich, said to be the right-hand man of international guerrilla  quot;Carlos the Jackal, quot; of charges that he took part in a deadly series of bombings in France in the early 1980s.The main topic of the news article is: Acquittal of Johannes Weinrich, alleged aide to ""Carlos the Jackal"", in a German court.Category: World",1
"Give the main topic of the news article and then choose from World, Sports, Tech and Business.",WTO Rules Against EU Protection of Goods (AP) AP - The European Union said Friday its system of protecting names for regionally produced foods such as Champagne and Parma ham was strengthened by an initial ruling from the World Trade Organization.The main topic of the news article is: WTO ruling on EU protection of regionally produced foodsCategory: Business,0
"Give the main topic of the news article and then choose from World, Sports, Tech and Business.","Fox, Traded by Lakers to Celtics, Retires (AP) AP - Rick Fox retired Thursday, ending a 13-year pro career during which he was part of three NBA championship teams with the Los Angeles Lakers.The main topic of the news article is: Rick Fox's retirement from professional basketball.Category: Sports",1
"Give the main topic of the news article and then choose from World, Sports, Tech and Business.",Soccer Racism Taints Spain's Reputation (AP) AP - Spaniards used to say they lived in one of Europe's most racially tolerant countries. Soccer has shattered that myth. In Madrid's Santiago Bernabeu stadium  #151; the Yankee Stadium of soccer  #151; Spanish fans bellowed out monkey noises last week each time a black English player touched the ball in a match between England and Spain.The main topic of the news article is: Racism in SoccerCategory: Sports,1
"Give the main topic of the news article and then choose from World, Sports, Tech and Business.","Renteria introduced Although he hasn #39;t spoken to any of his new Red Sox stats, schedule teammates yet, Edgar Renteria said he #39;d like to get fellow snowbird Manny Ramirez stats, news to teach him to hit #39; #39; when they speak this week in Miami.The main topic of the news article is Edgar Renteria's introduction to the Red Sox and his plan to connect with teammate Manny Ramirez.I would categorize this article as: Sports",1
"Give the main topic of the news article and then choose from World, Sports, Tech and Business.","Competitors voice pride in being pioneers as women #39;s wrestling &lt;b&gt;...&lt;/b&gt; This was not one for the books. It was one for the looks. How many times had Sara McMann seen the look? She would tell people she was a wrestler, and their eyebrows would The main topic of the news article is women's wrestling. I choose: Sports",1
"Give the main topic of the news article and then choose from World, Sports, Tech and Business.","New burger has 1,400 calories, 103 grams of fat ST. LOUIS - The Hardee #39;s fast food chain has rolled out its new 1,400-calorie Monster Thickburger, with 107 grams of fat. The sandwich boasts two-thirds of a pound of beef, four strips of bacon, three slices The main topic of the news article is: Introduction of a new high-calorie burger by Hardee's fast food chain.Category: Business",1
"Give the main topic of the news article and then choose from World, Sports, Tech and Business.","Report: Palestinians, Israel Back Peace Plan  CAIRO (Reuters) - Palestinians and Israelis have agreed in  principle to proposals aiming to end their conflict, Egypt's  official news agency MENA said on Tuesday.The main topic of the news article is: Israeli-Palestinian peace negotiationsCategory: World",1
"Give the main topic of the news article and then choose from World, Sports, Tech and Business.","PeopleSoft: Oracle's Offer Is Inadequate (AP) AP - Oracle Corp.'s  #36;21-per-share hostile takeover bid for PeopleSoft Inc. isn't good enough for shareholders to accept, PeopleSoft director A. George """"Skip"""" Battle said Wednesday.The main topic of the news article is Oracle's hostile takeover bid for PeopleSoft.I would categorize this article under: **Business**",0
"Give the main topic of the news article and then choose from World, Sports, Tech and Business.","Should Your Next Car Be New or Used? Used cars have a lot to offer -- if you know what you're doing.The main topic of the news article is: ""Choosing between new and used cars for a next vehicle purchase"".Category: Business",1
"Give the main topic of the news article and then choose from World, Sports, Tech and Business.","A peak performance MORGANTOWN, W.Va. -- We can only imagine how enjoyable that flight home was for the Boston College party.The main topic of the news article is: a frustrating loss for Boston College, likely in a sports context.I choose: Sports",1
"Give the main topic of the news article and then choose from World, Sports, Tech and Business.","Moderate Earthquake Shakes Western Japan A moderate earthquake shook western Japan on Tuesday, two days after over 40 people were injured when two strong quakes hit the region.The main topic of the news article is: Earthquake in Western JapanCategory: World",1
"Give the main topic of the news article and then choose from World, Sports, Tech and Business.",Juve Lead Is Cut AC Milan closed the gap on leaders Juventus to four points after receiving a helping hand from city-rivals Inter. Having already won their game at Chievo earlier in the day thanks to on-loan Chelsea striker The main topic of the news article is: AC Milan closing the gap on Juventus in the league standings.I choose: Sports,1
"Give the main topic of the news article and then choose from World, Sports, Tech and Business.","Rosy outlook from Greenspan fails to sway many economists WASHINGTON : The upbeat outlook from Federal Reserve Chairman Alan Greenspan has failed to convince many economists, who argue that the United States is likely to see tepid growth at best in the near future.The main topic of the news article is the Federal Reserve Chairman's economic outlook and its reception by economists.Category: Business",1
"Give the main topic of the news article and then choose from World, Sports, Tech and Business.","Santos May Report 40 Drop in First-Half Profit as Output Fell Santos Ltd., Australia #39;s biggest natural gas producer, may report first-half profit fell 40 percent after a fire on New Year #39;s Day at its gas processing plant in central Australia cut production.The main topic of the news article is: Santos Ltd.'s expected drop in first-half profit due to a production cut caused by a fire at their gas processing plant.Category: Business",1
"Give the main topic of the news article and then choose from World, Sports, Tech and Business.","Dent rains down the aces on a day of wet weather BEIJING: Big-hitting Taylor Dent rained down 16 aces Tuesday on the way to a first-round victory at the \$500,000 China Open before the skies dropped water to wash away play.The main topic of the news article is: Tennis match victory in BeijingCategory: Sports",1
"Give the main topic of the news article and then choose from World, Sports, Tech and Business.",Alitalia Signs Deal With Attendants (AP) AP - Near-bankrupt Italian flagship carrier Alitalia won approval from flight attendants Saturday for a job-cutting plan  #151; the last in a series of labor deals crucial to saving the airline from collapse.The main topic of the news article is: Alitalia's deal with flight attendants to accept a job-cutting plan.Category: Business,1
"Give the main topic of the news article and then choose from World, Sports, Tech and Business.","Ukraine parliament passes plan to weaken presidency (AFP) AFP - Ukraine's parliament overwhelmingly passed a bill to weaken presidential powers and change electoral law, breaking an impasse between outgoing President Leonid Kuchma and the opposition.The main topic of the news article is: Ukraine's parliament passing a bill to weaken presidential powers.Category: World",1
"Give the main topic of the news article and then choose from World, Sports, Tech and Business.","Japan Expresses  #39;serious Concern #39; About N Korean Missiles In &lt;b&gt;...&lt;/b&gt; BEIJING (AFP) - Japanese negotiators told North Korea they had  quot;serious concern quot; about its missile program in talks that extended for a second day in Beijing, a Japanese diplomat said.The main topic of the news article is: Japan's concern about North Korea's missile program.Category: World",1
"Give the main topic of the news article and then choose from World, Sports, Tech and Business.","Moody #39;s raises Dell #39;s senior unsecured debt rating NEW YORK, Aug 18 - Moody #39;s Investors Service said on Wednesday it raised the senior unsecured debt rating of Dell Inc. (DELL.O: Quote, Profile, Research) with a stable outlook citing the firm #39;s strong balance sheet and solid operating and financial ...The main topic of the news article is: Moody's upgrade of Dell's debt rating.Category: Business",1
"Give the main topic of the news article and then choose from World, Sports, Tech and Business.","Napster founder introduces new file-sharing service Shawn Fanning, founder of Napster, worlds first file trading peer-to-peer network, is back in full force to legalize music swapping with his new venture.The main topic of the news article is: Napster founder introduces new file-sharing service.I would categorize this article as: Tech.",1
"Give the main topic of the news article and then choose from World, Sports, Tech and Business.","Discontent in China boils into public protest When the local government announced it was going to confiscate their homes and businesses to make room for a new development, residents of this village in southeastern China fought back.The main topic of the news article is: Public protest in China against government confiscation of properties.Category: World",1
"Give the main topic of the news article and then choose from World, Sports, Tech and Business.","EU Clears Disney-Columbia British Venture European Union regulators Thursday cleared a joint venture between The Walt Disney Company, Columbia Pictures Corp. Ltd., and Britain #39;s ON Demand Group to provide a video-on-demand service in Britain and Ireland.The main topic of the news article is: EU approval of a joint venture to provide a video-on-demand serviceCategory: Business",1
"Give the main topic of the news article and then choose from World, Sports, Tech and Business.","Trail Blazers Edge Celtics 89-87 Portland Trail Blazers #39; Zach Randolph, right, loses the ball as Boston Celtics #39; Gary Payton looks on during the second quarter Thursday, Dec. 9, 2004, at the Rose Garden in Portland, Ore.The main topic of the news article is: Portland Trail Blazers vs Boston Celtics basketball game.Category: Sports",1
"Give the main topic of the news article and then choose from World, Sports, Tech and Business.",QB Tate to Lead Injured Hawkeyes Vs. PSU (AP) AP - No. 25 Iowa is having a hard time keeping its tailbacks healthy.The main topic of the news article is: Iowa football team's injury issuesCategory: Sports,1
"Give the main topic of the news article and then choose from World, Sports, Tech and Business.","Opening an Age of Adventure? It has been more than three decades since that era of Hair-raising silliness has passed. The tie-dyes to die for (if they don #39;t kill you on first glance) have been exiled to episodes of The main topic of the news article appears to be a nostalgic look back at a past era of fashion and culture, specifically the 1960s or 1970s.I would categorize this article as: Business (specifically, a lifestyle or fashion topic, but not a direct fit for the other categories). However, if I had to choose from the given options, I'd say it's not a perfect fit for any of them, but World might be the closest, as it could be related to cultural trends or societal issues. So, I'll choose: World",0
"Give the main topic of the news article and then choose from World, Sports, Tech and Business.",NASA Capsule Containing Solar Wind Particles Crashes (Update1) A space capsule containing NASA #39;s first sample from space in more than 30 years crashed into the Utah desert today after its parachutes failed to open.The main topic of the news article is: NASA space capsule crash Category: Tech,1
"Give the main topic of the news article and then choose from World, Sports, Tech and Business.","US firms announce 104,530 job cuts in November, survey shows (AFP) AFP - US employers announced plans in November to step up job cuts, with the total exceeding 100,000 for the third month in a row, an industry survey showed.The main topic of the news article is: ""US employers announce significant job cuts in November""Category: Business",1
"Give the main topic of the news article and then choose from World, Sports, Tech and Business.",Update 6: Dutch Steelmaker Buying ISG in \$4.5B Deal Steel tycoon Lakshmi Mittal announced plans Monday to take over US steelmaker International Steel Group as part of a three-way merger to create a global metals mammoth.The main topic of the news article is: A Dutch steelmaker's acquisition of a US steelmaker in a $4.5B deal.Category: Business,1
"Give the main topic of the news article and then choose from World, Sports, Tech and Business.","Former US Marine in Iraq tells Canadian board some comrades became &lt;b&gt;...&lt;/b&gt; A former US Marine in Iraq, testifying Wednesday at a hearing for an American military deserter seeking asylum in Canada, said several men The main topic of the news article is: A former US Marine testifies about comrades' behavior in Iraq in support of an American military deserter seeking asylum in Canada.Category: World",1
"Give the main topic of the news article and then choose from World, Sports, Tech and Business.","As Ivorian crisis deepens, so do concerns for region NIAMEY, Niger -- French troop reinforcements flew to the coastal city of Abidjan in riot-torn Ivory Coast yesterday amid rising concerns that the conflict between government and rebel forces was on the verge of spiraling out of control and could dramatically hurt its West African neighbors.The main topic of the news article is: The deepening crisis in Ivory Coast and its potential impact on the region.Category: World",1
"Give the main topic of the news article and then choose from World, Sports, Tech and Business.","US officers to check US-bound cargo shipped from Dubai port DUBAI (AFP) - Dubai port, a leading world operator, signed a deal with the United States under which US officers will help screen US-bound containers that have been identified as a potential terrorist risk.The main topic of the news article is: Security screening of US-bound cargo at Dubai port.Category: Business",1
"Give the main topic of the news article and then choose from World, Sports, Tech and Business.",Afghans Say bin Laden Trail Has Grown Cold &lt;I&gt;National Geographic&lt;/I&gt; writer Tim McGirk discusses post-election Afghanistan and the hunt for international terrorist Osama bin Laden.The main topic of the news article is the hunt for Osama bin Laden in Afghanistan.I would categorize this article as: World.,0
"Give the main topic of the news article and then choose from World, Sports, Tech and Business.","Ruiz #39;s manager Stone suspended The New York State Athletic Commission wasted no time taking action against Norman Stone, the bombastic manager of World Boxing Association heavyweight The main topic of the news article is: Suspension of boxer's managerCategory: Sports",1
"Give the main topic of the news article and then choose from World, Sports, Tech and Business.",World #39;s first five-megapixel camera phone KOREAN giant Samsung Electronics said it had developed the world #39;s first handphone equipped with a state of the art five-megapixel camera.The main topic of the news article is the development of a new camera phone by Samsung Electronics with a 5-megapixel camera.Category: Tech,1
"Give the main topic of the news article and then choose from World, Sports, Tech and Business.",Approval for New Stadium in Washington Hits a Snag Maybe the idea of financing a new stadium here for the relocated Montreal Expos seemed easy last month when the city received the news that Major League Baseball would send the team to the nation #39;s capital.The main topic of the news article is: A new stadium for the relocated Montreal Expos in Washington.I choose: Sports.,1
"Give the main topic of the news article and then choose from World, Sports, Tech and Business.","Spartans outplayed by George Washington in first round of BB amp;T &lt;b&gt;...&lt;/b&gt; Washington, DC - The No. 11 MSU basketball team lost 96-83 to George Washington Saturday afternoon in the first-round of the BB amp;T Classic.The main topic of the news article is: MSU basketball team loses to George Washington in the BB&T Classic.I choose: Sports",1
"Give the main topic of the news article and then choose from World, Sports, Tech and Business.","American Alvin Harrison Banned for Four Years Olympic 400 meter relay gold medallist Alvin Harrison has accepted a four-year ban for drugs violations, the United States Anti-Doping Agency said on Tuesday.The main topic of the news article is: Doping ban for Olympic athlete Alvin Harrison.I choose: Sports.",1
"Give the main topic of the news article and then choose from World, Sports, Tech and Business.","Seiko Epson unveil updated micro flying robot Seiko Epson have unveiled their latest wireless flying micro-robot named the FR-II. The successor to the FR robot the latest micromechatronic contraption has a number of improvements.The main topic of the news article is: Unveiling of Seiko Epson's updated micro flying robot, FR-II.Category: Tech",1
"Give the main topic of the news article and then choose from World, Sports, Tech and Business.","Former con man joins crime battle FORMER con artist Frank Abagnale, whose life was portrayed in the film Catch Me if You Can, has been recruited to help in the battle against cyber crime as spokesman for the National Cyber Security Alliance (NCSA) in a forthcoming campaign.The main topic of the news article is: A former con artist helping to fight cyber crime.Category: Tech",1
"Give the main topic of the news article and then choose from World, Sports, Tech and Business.","7 DAYS MONDAY &lt;br&gt;NFL ON DEMAND &lt;br&gt;EXTENDED HIGHLIGHTS &lt;br&gt;With the addition of the NFL Network to Comcast and Starpower cable, digital subscribers can now access free highlights of every NFL game. Minus broadcast network mumbo-jumbo commentary, the highlights last eight to 20 minutes...The main topic of the news article is: NFL game highlights available on demand through Comcast and Starpower cable.I choose: Sports.",1
"Give the main topic of the news article and then choose from World, Sports, Tech and Business.",New bid to end talks deadlock Northern Ireland Secretary Paul Murphy and Irish foreign minister Brian Cowen will chair talks involving unionists and nationalists at Stormont aimed at ending the stand-off over proposed changes to devolution.The main topic of the news article is: Politics/Northern Ireland Peace TalksCategory: World,1
"Give the main topic of the news article and then choose from World, Sports, Tech and Business.",Australia red-faced BUOYANT New Zealand captain Stephen Fleming was relieved to have enlivened a dormant summer after his Black Caps conjured a stunning four-wicket win against Australia in the opening The main topic of the news article is: Cricket match between Australia and New Zealand Category: Sports,1
"Give the main topic of the news article and then choose from World, Sports, Tech and Business.","Suns Defeat Jazz 115-102 (AP) AP - Steve Nash had 20 points and 14 assists to lead the Phoenix Suns to their eighth straight win, 115-102 over the Utah Jazz on Tuesday night.The main topic of the news article is: Phoenix Suns' win over Utah Jazz Category: Sports",1
"Give the main topic of the news article and then choose from World, Sports, Tech and Business.","Shock Hazard Prompts Lexmark Recall The US Consumer Product Safety Commission said Tuesday that Lexmark International has voluntarily recalled more than 39,400 laser printers, under the Lexmark, Dell and IBM brands, for their potential to deliver electrical shocks.The main topic of the news article is: Lexmark recalling laser printers due to a shock hazard.I would categorize this article under: Tech",1
"Give the main topic of the news article and then choose from World, Sports, Tech and Business.",Injury fears allayed over Celtic #39;s McNamara Injury fears over Celtic skipper Jackie McNamara have subsided after a scan revealed he has not broken his ankle. It was initially feared that McNamara had broken his ankle after a clash against Barcelona #39;s Ludovic Giuly on Tuesday night.The main topic of the news article is: Injury update on Celtic's Jackie McNamaraCategory: Sports,1
"Give the main topic of the news article and then choose from World, Sports, Tech and Business.",Hague Court Imposes Defense Counsel on Milosevic (Reuters) Reuters - Judges at The Hague tribunal on\Thursday imposed a defense counsel on former Yugoslav President\Slobodan Milosevic to avoid further delays in his war crimes\trial.The main topic of the news article is: The Hague tribunal's decision regarding Slobodan Milosevic's war crimes trial.Category: World,1
"Give the main topic of the news article and then choose from World, Sports, Tech and Business.","Johnson  amp; Johnson missing out on stent sales Johnson  amp; Johnson can't supply cardiac stents fast enough to capitalize on three recent recalls by archrival Boston Scientific Corp. , say cardiologists who use both companies' medical devices.The main topic of the news article is: Johnson & Johnson's inability to meet demand for cardiac stents due to competition and recalls.Category: Business",1
"Give the main topic of the news article and then choose from World, Sports, Tech and Business.","IBM seeks dismissal in second part of SCO case SAN FRANCISCO - IBM Corp. is seeking dismissal of a second major component of the lawsuit filed against it last year by Unix vendor The SCO Group Inc., according to court documents filed Friday by IBM. The documents, filed with the U.S. District Court for the District of Utah, argue that SCO's breach of contract allegations should be dismissed from the lawsuit.The main topic of the news article is: IBM's legal action against SCO's lawsuit allegations.Category: Business",0
"Give the main topic of the news article and then choose from World, Sports, Tech and Business.","Dynogen enters drug licensing deal Dynogen Pharmaceuticals Inc. of Waltham said it licensed a late-stage drug candidate from Mitsubishi Pharma Corp. Terms weren't disclosed. The compound, pumosetrag, is thought to be helpful to patients suffering from a variety of gastrointestinal conditions, such as irritable bowel syndrome. Dynogen, a privately held firm, said it plans to start new clinical trials with pumosetrag next year. Mitsubishi, part ...The main topic of the news article is: Dynogen's licensing deal for a new drug candidate to treat gastrointestinal conditions. Category: Business",1
"Give the main topic of the news article and then choose from World, Sports, Tech and Business.","Campbell delivers win ATLANTA - Let there be no doubt: The Auburn football team is the undisputed champion of the Southeastern Conference. And let it be written that Jason Campbell made it so.The main topic of the news article is: Auburn football team winning the Southeastern Conference championship, thanks to Jason Campbell.I choose: Sports",1
"Give the main topic of the news article and then choose from World, Sports, Tech and Business.",Venture by Time Warner And Microsoft Unsettles EU A Bethesda company owned by Microsoft Corp. and Time Warner Inc. is the subject of a European Union investigation into whether the company #39;s software will give the two media giants a monopoly in copyright protection.The main topic of the news article is: European Union investigation into a company owned by Microsoft and Time Warner regarding potential monopoly in copyright protection.This article falls under the category of: **Business**,1
"Give the main topic of the news article and then choose from World, Sports, Tech and Business.","Egypt Sees Move Towards Israel-Palestinian Peace  JERUSALEM (Reuters) - Egypt's official news agency said  Tuesday significant progress had been made in international  efforts to end Israeli-Palestinian violence, but both sides to  the conflict termed talk of a deal premature.The main topic of the news article is: Israeli-Palestinian peace efforts Category: World",1
"Give the main topic of the news article and then choose from World, Sports, Tech and Business.","Suit claims Microsoft hurt Novell Days after collecting a \$536 million antitrust settlement from Microsoft Corp., Novell returned to court Friday to claim the technology giant used its market dominance to shut out WordPerfect and other software in the mid-1990s.The main topic of the news article is: A lawsuit filed by Novell against Microsoft for allegedly using its market dominance to shut out Novell's software.Category: Business",1
"Give the main topic of the news article and then choose from World, Sports, Tech and Business.",New fertility treatment 'closer' Women may be able to have unfertilised eggs routinely frozen during fertility treatment rather than just embryos after research.The main topic of the news article is: Advances in fertility treatment options for women.Category: Business,0
"Give the main topic of the news article and then choose from World, Sports, Tech and Business.",Ahead Pushes Nero Digital Format for DVDs Deal with ESS Technology will add support for Ahead's variant of the MPEG-4 video format on DVD players.The main topic of the news article is: Ahead's partnership with ESS Technology to add support for Nero Digital Format on DVD players.Category: Tech,1
"Give the main topic of the news article and then choose from World, Sports, Tech and Business.","NVIDIA and Sony hook-up Electronic voting in the US. The saga continues. Here is an interesting comparision with a Venezuelan referendum.  quot;80 of Americans could correctly name the first President Bush #39;s pet dog Millie, but only The main topic of the news article is: Electronic voting in the US and its comparison with a Venezuelan referendum.The category of the news article is: Business",0
"Give the main topic of the news article and then choose from World, Sports, Tech and Business.","COL FB: Auburn 34, Tennessee 10 Jason Campbell passed for 252 yards and two touchdowns Saturday to lead the ninth-ranked Auburn Tigers over eighth-ranked Tennessee, 34-10.The main topic of the news article is: Auburn Tigers defeat Tennessee in a college football game.Category: Sports",1
"Give the main topic of the news article and then choose from World, Sports, Tech and Business.","US Stocks Gain; Shares of Citigroup, Bank of America Advance US stocks gained on optimism that third-quarter earnings this week from companies including Citigroup Inc. and Bank of America Corp.The main topic of the news article is: US Stock Market PerformanceCategory: Business",1
"Give the main topic of the news article and then choose from World, Sports, Tech and Business.","Inzaghi is ready to face Barcelona ROME, Italy -- The battle for control of Champions League Group F match begins in earnest on Wednesday when AC Milan face Barcelona at Rome #39;s San Siro stadium.The main topic of the news article is: AC Milan vs Barcelona Champions League matchCategory: Sports",1
"Give the main topic of the news article and then choose from World, Sports, Tech and Business.","Quantum Astronomy: The Heisenberg Uncertainty Principle (SPACE.com) SPACE.com - This is the second article in a series of four articles each with a separate explanation of different quantum phenomena. Each article is a piece of a mosaic, so every one is needed to understand the final explanation of the quantum astronomy experiment we propose, possibly using the Allen Array Telescope and the narrow-band radio-wave detectors being build by the SETI Institute and the University of California, Berkeley.The main topic of the news article is: Quantum Astronomy and the Heisenberg Uncertainty Principle.I choose: **Tech** (although it's more specifically related to Space and Astronomy, Tech is the closest category)",1
"Give the main topic of the news article and then choose from World, Sports, Tech and Business.",Nintendo's innards Wondering what your shiny new Nintendo DS looks like on the inside? Lik Sang saves you the voided warranty with a new photo gallery showing a detailed dissection of the new handheld game machine. Missing LinksThe main topic of the news article is: A photo gallery showing the internal components of the Nintendo DS handheld game machine.Category: Tech,1
"Give the main topic of the news article and then choose from World, Sports, Tech and Business.","Resident Evil 4 Exclusive No More November 01, 2004 - It looks like the folks at Capcom Entertainment were only kidding when they sternly insisted over and over again that the GameCube action-thriller Resident Evil 4 would forever remain exclusive to Nintendo #39;s console.The main topic of the news article is: Resident Evil 4's exclusivity to Nintendo GameCube console.Category: Tech",1
"Give the main topic of the news article and then choose from World, Sports, Tech and Business.",Halliburton to Restructure KBR Unit (Reuters) Reuters - Halliburton Co.  said on\Thursday it would restructure its KBR unit and may shed the\business if the oil services company's stock performance keeps\lagging its peers.The main topic of the news article is: Halliburton's plan to restructure its KBR unit.Category: Business,1
"Give the main topic of the news article and then choose from World, Sports, Tech and Business.","Alessandro Petacchi Claims 2nd Stage of Tour of Spain Italian cyclist Alessandro Petacchi won the second stage of the Tour of Spain in a mass sprint finish, as Dutchman Max van Heeswijk claimed the leader #39;s yellow jersey.The main topic of the news article is: Alessandro Petacchi wins the 2nd stage of the Tour of Spain.Category: Sports.",1
"Give the main topic of the news article and then choose from World, Sports, Tech and Business.",Hollywood backs HD DVD Hollywood film studios have pledged support for one of the competing formats battling for primacy in the DVD market. The group supporting the HD DVD optical disc format for high-definition video is vying with the rival Blu-ray Disc format .The main topic of the news article is: Support for HD DVD format by Hollywood film studios.Category: Tech,1
"Give the main topic of the news article and then choose from World, Sports, Tech and Business.",NL Wrap: Ramirez Shines in Cubs Victory Over Reds (Reuters) Reuters - Aramis Ramirez homered three times and\drove in all of Chicago's runs as the Cubs edged the Cincinnati\Reds 5-4 in National League play at the Great American Ballpark\on Thursday.The main topic of the news article is: A baseball game between the Chicago Cubs and the Cincinnati Reds.Category: Sports,1
"Give the main topic of the news article and then choose from World, Sports, Tech and Business.","Japan typhoon kills two The most powerful typhoon to hit eastern Japan in a decade has headed out to sea after pummelling Tokyo, leaving two dead, snarling transport on a long holiday weekend and forcing thousands in the countryside to evacuate.The main topic of the news article is: A powerful typhoon hitting Japan and causing damage and casualties.Category: World",1
"Give the main topic of the news article and then choose from World, Sports, Tech and Business.","Sony keeps PSP production low, focuses on PS2 Low initial shipment figures for Sony #39;s forthcoming PlayStation Portable are down to a decision to focus on manufacturing the profitable PlayStation 2 hardware, according to a spokesperson for the Japanese giant.The main topic of the news article is Sony's production priorities for its gaming consoles.I would categorize this article as: **Tech**",1
"Give the main topic of the news article and then choose from World, Sports, Tech and Business.",Gap 3Q Earnings Meet Analysts' Estimates (AP) AP - Gap Inc.'s third-quarter profit improved slightly even as the clothing retailer's sales began to sag.The main topic of the news article is: Gap Inc.'s 3Q earnings reportCategory: Business,1
"Give the main topic of the news article and then choose from World, Sports, Tech and Business.","Pakistan sweep nets bomb suspects Pakistan has arrested more than five suspects in a plot to bomb several high-profile targets in Islamabad, including the US Embassy and the official residences of Pakistan #39;s president, Gen.The main topic of the news article is: Arrests in Pakistan related to a bomb plotCategory: World",1
"Give the main topic of the news article and then choose from World, Sports, Tech and Business.",Report: Israel set to collide with EU Confidential Israeli report also warns of country becoming a  #39;pariah state #39; like apartheid-era South Africa. Israel could one day become a  quot;pariah state quot; like apartheid-era South Africa.The main topic of the news article is: Israel's potential international isolation and comparison to apartheid-era South Africa.Category: World,1
"Give the main topic of the news article and then choose from World, Sports, Tech and Business.","GOLF: Woods-Mickelson not dream team Tiger Woods paired with Phil Mickelson. A dream team in golf gloves. Together, they would lead the charge at the Ryder Cup, carry the United States into an early lead, discourage the Europeans, ignite the home crowd.The main topic of the news article is the pairing of Tiger Woods and Phil Mickelson in the Ryder Cup.I would categorize this article as: Sports.",1
"Give the main topic of the news article and then choose from World, Sports, Tech and Business.","AMD launches Sempron for low power notebooks AMD has released the Mobile AMD Sempron processor 3000  #39;for Thin and Light Notebooks #39;. The low-power processor is aimed at entry-level notebooks, as opposed to the 3000 Mobile AMD Sempron Processor for Full-Size Notebooks.The main topic of the news article is: AMD's release of a new low-power processor for notebooks.I would categorize this article as: Tech.",1
"Give the main topic of the news article and then choose from World, Sports, Tech and Business.","Got Firefox? I #39;m dating myself here, but I can vividly recall the web browser scene ten years ago, when I #39;d eagerly download every new version of Netscape Navigator the moment it was released.The main topic of the news article is: The evolution of web browsers, specifically the author's memories of using Netscape Navigator.Category: Tech",1
"Give the main topic of the news article and then choose from World, Sports, Tech and Business.",Too Good to Be True Baseball's back in Washington. So with that award comes an acceptance letter to highlight those efforts that made this dream come to fruition.The main topic of the news article is: The return of baseball in Washington.Category: Sports,1
"Give the main topic of the news article and then choose from World, Sports, Tech and Business.","Avery Johnson announces retirement Avery Johnson announced his retirement Thursday, officially ending his 16-year playing career and becoming a full-time assistant coach for the Dallas Mavericks.The main topic of the news article is: Avery Johnson's retirement and new coaching role.And I choose: Sports.",1
"Give the main topic of the news article and then choose from World, Sports, Tech and Business.","Well, it worked for Bill So let me get this straight: Barry Bonds used steroids, but he didn #39;t inhale?***Mr. Schwarzenegger, meet your new lieutenant governor.The main topic of the news article appears to be a sarcastic commentary on a politician's denial of wrongdoing, likely related to Barry Bonds' steroid scandal and a comparison to a politician (possibly Arnold Schwarzenegger).Category: Sports",1
"Give the main topic of the news article and then choose from World, Sports, Tech and Business.","Trojan Mugs UK Web Banking Customers The Banker-AJ trojan has been coded to lie dormant in the background on infected Windows PCs. When users visit legitimate online banking Web sites of certain UK banks, the malicious code is The main topic of the news article is: A new trojan virus targeting UK online banking customers.I would categorize this article under: **Tech**",1
"Give the main topic of the news article and then choose from World, Sports, Tech and Business.",Shanghai set for Formula One race China is hosting its first Formula One Grand Prix on a gleaming new \$240 million circuit in Shanghai.The main topic of the news article is: China hosting its first Formula One Grand Prix in Shanghai.Category: Sports,0
"Give the main topic of the news article and then choose from World, Sports, Tech and Business.",Yukos faces \$6.2bn tax deadline Russian oil giant Yukos says it is about to miss a deadline on a back tax payment of more than \$6bn due from 2002.The main topic of the news article is: Russian oil giant Yukos facing a deadline for a large back tax payment.Category: Business,1
"Give the main topic of the news article and then choose from World, Sports, Tech and Business.","Court Throws Out Hollinger Int'l Lawsuit  NEW YORK (Reuters) - A U.S. court on Friday dealt a blow to  Hollinger International Inc.'s &lt;A HREF=""""http://www.investor.reuters.com/FullQuote.aspx?ticker=HLR.N target=/stocks/quickinfo/fullquote""""&gt;HLR.N&lt;/A&gt; efforts to recover \$1.25  billion from ex-chairman Conrad Black and others, dismissing  its racketeering lawsuit against them.The main topic of the news article is: A US court dismissing Hollinger International's lawsuit against ex-chairman Conrad Black.Category: Business",1
"Give the main topic of the news article and then choose from World, Sports, Tech and Business.",Inter Conquer Brussels Inter emerged as the winners over Anderlecht in Brussels to claim the first spot in the Champions League Group G. The nerazzurri took the lead nearly immediately when Adriano from the left served a low powerful The main topic of the news article is: Inter wins Champions League match against Anderlecht.And I choose: **Sports**.,1
"Give the main topic of the news article and then choose from World, Sports, Tech and Business.","Guarding of Ukraine central election commission relieved KIEV, November 3 (Itar-Tass) - Water cannons and armoured personnel carriers were removed from the territory of the Ukrainian central election commission on Wednesday.The main topic of the news article is: Removal of security measures from Ukraine's central election commission.Category: World",1
